State,Department,Website,District,Block,portal_value_id
Delhi,A.U.Tibbia College and allied units,RTI_Online_Delhi,NA,NA,6
Delhi,Acharya Narendra Dev College,RTI_Online_Delhi,NA,NA,198
Delhi,Acharya Shree Bhikshu Hospital,RTI_Online_Delhi,NA,NA,45
Delhi,Aditi Mahavidyalaya,RTI_Online_Delhi,NA,NA,199
Delhi,Administrative Reforms Department,RTI_Online_Delhi,NA,NA,4
Delhi,Ambedkar Institute of Advance Communication Technologies and Research,RTI_Online_Delhi,NA,NA,132
Delhi,Ambedkar Institute of Technology,RTI_Online_Delhi,NA,NA,83
Delhi,Ambedkar Nagar Hospital,RTI_Online_Delhi,NA,NA,251
Delhi,Archaeological Department,RTI_Online_Delhi,NA,NA,8
Delhi,Archives Department,RTI_Online_Delhi,NA,NA,9
Delhi,"Art, Culture and Language Department",RTI_Online_Delhi,NA,NA,5
Delhi,Aruna Asaf Ali Hospital,RTI_Online_Delhi,NA,NA,7
Delhi,Aryabhat Institute of Technology,RTI_Online_Delhi,NA,NA,84
Delhi,Attar Sain Jain Eye Hospital,RTI_Online_Delhi,NA,NA,34
Delhi,B.R. Ambedkar College,RTI_Online_Delhi,NA,NA,200
Delhi,Babu Jagjivan Ram Memorial Hospital,RTI_Online_Delhi,NA,NA,35
Delhi,Bhagini Nivedita College,RTI_Online_Delhi,NA,NA,201
Delhi,Bhagwan Mahavir Hospital,RTI_Online_Delhi,NA,NA,36
Delhi,Bhai Parmanand Institute of Business Studies,RTI_Online_Delhi,NA,NA,85
Delhi,Bhaskaracharya College of Applied Sciences,RTI_Online_Delhi,NA,NA,86
Delhi,Board of Homeopathic System of Medicines,RTI_Online_Delhi,NA,NA,87
Delhi,Board of Technical Education,RTI_Online_Delhi,NA,NA,88
Delhi,Central Jail,RTI_Online_Delhi,NA,NA,15
Delhi,Centralised Accident and Trauma Services,RTI_Online_Delhi,NA,NA,221
Delhi,Chacha Nehru Super Speciality Children Hospital,RTI_Online_Delhi,NA,NA,89
Delhi,Chaudhary Brahm Prakash Ayurved Charak Sansthan,RTI_Online_Delhi,NA,NA,90
Delhi,Chaudhary Brahm Prakash Engineering College,RTI_Online_Delhi,NA,NA,193
Delhi,Chief Electoral Office,RTI_Online_Delhi,NA,NA,17
Delhi,Chief Ministers Office,RTI_Online_Delhi,NA,NA,12
Delhi,Chief Secretary Office,RTI_Online_Delhi,NA,NA,14
Delhi,Chit Fund,RTI_Online_Delhi,NA,NA,16
Delhi,College of Art,RTI_Online_Delhi,NA,NA,18
Delhi,Commission for OBC,RTI_Online_Delhi,NA,NA,93
Delhi,Conservator of Forest Department,RTI_Online_Delhi,NA,NA,19
Delhi,DCC Wholesale Stores Ltd,RTI_Online_Delhi,NA,NA,94
Delhi,DDU Hospital,RTI_Online_Delhi,NA,NA,22
Delhi,DFC (New Delhi &amp; Chandigarh),RTI_Online_Delhi,,,128
Delhi,Deen Dayal Upadhyaya College,RTI_Online_Delhi,NA,NA,95
Delhi,Deep Chand Bandhu Hospital,RTI_Online_Delhi,NA,NA,211
Delhi,Delhi Agriculture Marketing. Board,RTI_Online_Delhi,NA,NA,96
Delhi,Delhi Bhartiya Chikitsa Parishad,RTI_Online_Delhi,NA,NA,97
Delhi,Delhi Building and Other Construction Workers Welfare Board,RTI_Online_Delhi,NA,NA,250
Delhi,Delhi Cantonment Board,RTI_Online_Delhi,NA,NA,192
Delhi,Delhi Co-operative Housing Finance Corporation. Ltd.,RTI_Online_Delhi,NA,NA,100
Delhi,Delhi Commission for Protection of Child Rights,RTI_Online_Delhi,NA,NA,214
Delhi,Delhi Commission for Safai Karamcharis,RTI_Online_Delhi,NA,NA,98
Delhi,Delhi Commission for Women,RTI_Online_Delhi,NA,NA,99
Delhi,Delhi Dental Council,RTI_Online_Delhi,NA,NA,191
Delhi,Delhi Dialogue &amp; Development Commission,RTI_Online_Delhi,,,101
Delhi,Delhi Electricity Regulatory Commission,RTI_Online_Delhi,NA,NA,102
Delhi,Delhi Fire Service,RTI_Online_Delhi,NA,NA,24
Delhi,Delhi Homeopathic Anusandhan Parishad,RTI_Online_Delhi,NA,NA,103
Delhi,Delhi Institute of Hotel Management and Catering Technology,RTI_Online_Delhi,NA,NA,104
Delhi,Delhi Institute of Pharmaceutical Sciences &amp; Research,RTI_Online_Delhi,,,91
Delhi,Delhi Jal Board,RTI_Online_Delhi,NA,NA,105
Delhi,Delhi Khadi and Village Industries Board,RTI_Online_Delhi,NA,NA,106
Delhi,Delhi Labour Welfare Board,RTI_Online_Delhi,NA,NA,107
Delhi,Delhi Legal Services Authority,RTI_Online_Delhi,NA,NA,108
Delhi,Delhi Legislative Assembly Secretariat,RTI_Online_Delhi,NA,NA,109
Delhi,Delhi Medical Council,RTI_Online_Delhi,NA,NA,224
Delhi,Delhi Minority Commission,RTI_Online_Delhi,NA,NA,110
Delhi,Delhi Nursing Council,RTI_Online_Delhi,NA,NA,111
Delhi,Delhi Pharmacy Council,RTI_Online_Delhi,NA,NA,112
Delhi,Delhi Pollution Control Committee,RTI_Online_Delhi,NA,NA,113
Delhi,Delhi Power Con. Ltd. (Transco),RTI_Online_Delhi,NA,NA,114
Delhi,Delhi SC/ST/OBC/Min. &amp; Handicapped Finance &amp; Development Corp. Ltd,RTI_Online_Delhi,,,115
Delhi,Delhi Skill and Entrepreneurship University,RTI_Online_Delhi,NA,NA,219
Delhi,Delhi State Cancer Institute,RTI_Online_Delhi,NA,NA,220
Delhi,Delhi State Civil Supplies Corporation Ltd (DSCSC),RTI_Online_Delhi,NA,NA,116
Delhi,Delhi State Election Commission,RTI_Online_Delhi,NA,NA,118
Delhi,Delhi State Hajj Committee,RTI_Online_Delhi,NA,NA,119
Delhi,Delhi State Health Mission,RTI_Online_Delhi,NA,NA,216
Delhi,Delhi State Industrial and Infrastructure Development Corporation Ltd.(DSIIDC),RTI_Online_Delhi,NA,NA,120
Delhi,Delhi States Aids Control Society,RTI_Online_Delhi,NA,NA,121
Delhi,Delhi Subordinate Services Selection Board (DSSSB),RTI_Online_Delhi,NA,NA,122
Delhi,Delhi Technological University,RTI_Online_Delhi,NA,NA,23
Delhi,Delhi Tourism and Transportation Development Corporation (DT&amp;TDC),RTI_Online_Delhi,,,123
Delhi,Delhi Transport Corporation,RTI_Online_Delhi,NA,NA,124
Delhi,Delhi Urban Shelter Improvement Board,RTI_Online_Delhi,NA,NA,194
Delhi,Delhi Wakf Board,RTI_Online_Delhi,NA,NA,125
Delhi,Department for Welfare of SC/ST/OBC/Minorities,RTI_Online_Delhi,NA,NA,126
Delhi,"Department of Food, Supplies &amp; Consumer Affairs",RTI_Online_Delhi,,,66
Delhi,Deputy Apprenticeship Advisor,RTI_Online_Delhi,NA,NA,127
Delhi,Development Department,RTI_Online_Delhi,NA,NA,25
Delhi,Directorate of Agricultural Marketing,RTI_Online_Delhi,NA,NA,27
Delhi,Directorate of Audit,RTI_Online_Delhi,NA,NA,11
Delhi,Directorate of Economics &amp; Statistics,RTI_Online_Delhi,,,29
Delhi,Directorate of Employment,RTI_Online_Delhi,NA,NA,61
Delhi,Directorate of Family Welfare,RTI_Online_Delhi,NA,NA,30
Delhi,Directorate of Health Services (DHS),RTI_Online_Delhi,NA,NA,32
Delhi,Directorate of ISMH,RTI_Online_Delhi,NA,NA,75
Delhi,Directorate of Prosecution,RTI_Online_Delhi,NA,NA,217
Delhi,Directorate of Small Savings,RTI_Online_Delhi,NA,NA,58
Delhi,Directorate of Training and Technical Education,RTI_Online_Delhi,NA,NA,152
Delhi,"Directorate of Training, UTCS",RTI_Online_Delhi,NA,NA,28
Delhi,Directorate of Vigilance,RTI_Online_Delhi,NA,NA,129
Delhi,Dispensaries - Central District,RTI_Online_Delhi,Central,NA,50
Delhi,Dispensaries - East District,RTI_Online_Delhi,East,NA,51
Delhi,Dispensaries - North District,RTI_Online_Delhi,North,NA,52
Delhi,Dispensaries - North East District,RTI_Online_Delhi,North East,NA,53
Delhi,Dispensaries - North West District,RTI_Online_Delhi,North West,NA,54
Delhi,Dispensaries - South District,RTI_Online_Delhi,South District,NA,55
Delhi,Dispensaries - South-West District,RTI_Online_Delhi,South-West,NA,56
Delhi,Dispensaries - West District,RTI_Online_Delhi,West,NA,57
Delhi,Dr Baba Saheb Ambedkar Hospital,RTI_Online_Delhi,NA,NA,130
Delhi,Dr. B.R.Ambedkar University,RTI_Online_Delhi,NA,NA,131
Delhi,Dr. B.R.Sur Homeopathy Medical College &amp; Hospital,RTI_Online_Delhi,,,133
Delhi,Dr. Baba Saheb Ambedkar Medical College,RTI_Online_Delhi,,,254
Delhi,Dr. Hedgewar Arogya Sansthan Hospital,RTI_Online_Delhi,NA,NA,37
Delhi,Dr. N C Joshi Memorail Hospital,RTI_Online_Delhi,NA,NA,38
Delhi,Drug Control,RTI_Online_Delhi,NA,NA,26
Delhi,East Delhi Municipal Corporation,RTI_Online_Delhi,East,NA,186
Delhi,Education Department,RTI_Online_Delhi,NA,NA,60
Delhi,Environment Department,RTI_Online_Delhi,NA,NA,62
Delhi,Excise Department,RTI_Online_Delhi,NA,NA,63
Delhi,Finance Department,RTI_Online_Delhi,NA,NA,64
Delhi,Food Safety Department,RTI_Online_Delhi,NA,NA,134
Delhi,Forensic Science Laboratory,RTI_Online_Delhi,NA,NA,67
Delhi,G B Pant Institute of Technology,RTI_Online_Delhi,NA,NA,135
Delhi,G. B. Pant Government Engineering College,RTI_Online_Delhi,NA,NA,208
Delhi,G.B.Pant Hospital,RTI_Online_Delhi,NA,NA,68
Delhi,General Administration Department,RTI_Online_Delhi,NA,NA,2
Delhi,Guru Gobind Singh Indraprastha University,RTI_Online_Delhi,NA,NA,136
Delhi,Guru Govind Singh Govt. Hospital,RTI_Online_Delhi,NA,NA,39
Delhi,Guru Nanak Dev Institute of Technology,RTI_Online_Delhi,NA,NA,137
Delhi,Guru Nanak Eye Hospital,RTI_Online_Delhi,NA,NA,69
Delhi,Guru Teg Bahadur (GTB) Hospital,RTI_Online_Delhi,NA,NA,71
Delhi,Gurudwara Election,RTI_Online_Delhi,NA,NA,70
Delhi,Health &amp; Family Welfare Department,RTI_Online_Delhi,,,72
Delhi,Higher Education Department,RTI_Online_Delhi,NA,NA,73
Delhi,Hindi Academy,RTI_Online_Delhi,NA,NA,138
Delhi,Home Department,RTI_Online_Delhi,NA,NA,3
Delhi,Home Guard &amp; Civil Defence,RTI_Online_Delhi,,,74
Delhi,Indira Gandhi Delhi Technical University for Women (IGDTUW),RTI_Online_Delhi,NA,NA,139
Delhi,Indira Gandhi Hospital,RTI_Online_Delhi,NA,NA,223
Delhi,Indira Gandhi Institute of Physical Education &amp; Sports Science,RTI_Online_Delhi,,,202
Delhi,Indraprastha Power Generation Co. Ltd. (GENCO),RTI_Online_Delhi,NA,NA,140
Delhi,Industries Department,RTI_Online_Delhi,NA,NA,76
Delhi,Information &amp; Publicity Department (DIP),RTI_Online_Delhi,,,77
Delhi,Information Technology Department,RTI_Online_Delhi,NA,NA,1
Delhi,Institute of Human Behaviour and Allied Sciences (IHBAS),RTI_Online_Delhi,NA,NA,141
Delhi,Institute of Liver and Biliary Sciences,RTI_Online_Delhi,NA,NA,215
Delhi,Irrigation &amp; Flood Control Department,RTI_Online_Delhi,,,78
Delhi,Jag Pravesh Chandra Hospital,RTI_Online_Delhi,NA,NA,48
Delhi,Janakpuri Super Speciality Hospital,RTI_Online_Delhi,NA,NA,213
Delhi,Kasturba Institute of Technology For Woman,RTI_Online_Delhi,NA,NA,142
Delhi,Keshav Mahavidyalaya,RTI_Online_Delhi,NA,NA,203
Delhi,Labour Department,RTI_Online_Delhi,NA,NA,79
Delhi,Lal Bahadur Shastri Hospital,RTI_Online_Delhi,NA,NA,40
Delhi,Land &amp; Building Department,RTI_Online_Delhi,,,80
Delhi,Law Department,RTI_Online_Delhi,NA,NA,41
Delhi,Lok Nayak Hospital,RTI_Online_Delhi,NA,NA,143
Delhi,Lt. Governors Secretariat,RTI_Online_Delhi,NA,NA,144
Delhi,Maharaja Agrasen College,RTI_Online_Delhi,NA,NA,204
Delhi,Maharishi Balmiki Hospital,RTI_Online_Delhi,NA,NA,42
Delhi,Maharshi Valimiki College of Education,RTI_Online_Delhi,NA,NA,205
Delhi,Maulana Azad Institute of Dental Sciences,RTI_Online_Delhi,NA,NA,145
Delhi,Maulana Azad Medical College (MAMC),RTI_Online_Delhi,NA,NA,146
Delhi,Meera Bai Institute of Technology,RTI_Online_Delhi,NA,NA,147
Delhi,Municipal Corporation of Delhi,RTI_Online_Delhi,NA,NA,241
Delhi,National Cadet Corps,RTI_Online_Delhi,NA,NA,148
Delhi,National Law University,RTI_Online_Delhi,NA,NA,196
Delhi,Nehru Homoeopathy Medical College &amp; Hospital (NHMC&amp;H),RTI_Online_Delhi,,,149
Delhi,Netaji Subhas Institute of Technology (NSIT),RTI_Online_Delhi,NA,NA,150
Delhi,North Delhi Municipal Corporation,RTI_Online_Delhi,NA,NA,187
Delhi,"OFFICE OF MINISTER, PUBLIC WORKS DEPARTMENT, WATER, IRRIGATION AND FLOOD CONTROL, LEGISLATIVE AFFAIRS, GURUDWARA ELECTION",RTI_Online_Delhi,,,253
Delhi,"Office Of Electricity Ombudsman, GNCTD",RTI_Online_Delhi,NA,NA,238
Delhi,Office of Lokayukta,RTI_Online_Delhi,NA,NA,190
Delhi,"Office of the Minister Health &amp; Family Welfare, Transport, Information Technology",RTI_Online_Delhi,,,248
Delhi,"Office of the Minister Home, Power, Urban Development, Education, Higher Education, Training &amp; Technical Education",RTI_Online_Delhi,,,245
Delhi,"Office of the Minister Industries, Food &amp; Supplies, Environment, Forest &amp; Wild Life",RTI_Online_Delhi,,,246
Delhi,"Office of the Minister Law &amp; Justice, Labour, Employment, Development, Art Culture &amp; Language, and Tourism",RTI_Online_Delhi,,,244
Delhi,"Office of the Minister Social Welfare, Welfare of SC &amp; ST, Cooperative, Election",RTI_Online_Delhi,,,247
Delhi,Old Delhi District,RTI_Online_Delhi,NA,NA,252
Delhi,Planning Department,RTI_Online_Delhi,NA,NA,151
Delhi,Power Department,RTI_Online_Delhi,NA,NA,65
Delhi,Principal Accounts Office,RTI_Online_Delhi,NA,NA,153
Delhi,"Principal District &amp; Sessions Judge Central District, Tis Hazari Court, Delhi",RTI_Online_Delhi,,,225
Delhi,"Principal District &amp; Sessions Judge, Dwarka Court, South West District",RTI_Online_Delhi,,,233
Delhi,"Principal District &amp; Sessions Judge, Karkardooma Court, East District",RTI_Online_Delhi,,,226
Delhi,"Principal District &amp; Sessions Judge, Karkardooma Court, North East District",RTI_Online_Delhi,,,230
Delhi,"Principal District &amp; Sessions Judge, Karkardooma Court, Shahdara District",RTI_Online_Delhi,,,235
Delhi,"Principal District &amp; Sessions Judge, Patiala House Court, New Delhi District",RTI_Online_Delhi,,,229
Delhi,"Principal District &amp; Sessions Judge, Rohini Court, North District",RTI_Online_Delhi,,,232
Delhi,"Principal District &amp; Sessions Judge, Rohini Court, North West District",RTI_Online_Delhi,,,228
Delhi,"Principal District &amp; Sessions Judge, Rouse Avenue Court, Central District",RTI_Online_Delhi,,,234
Delhi,"Principal District &amp; Sessions Judge, Saket Court, South District",RTI_Online_Delhi,,,227
Delhi,"Principal District &amp; Sessions Judge, Saket Court, South East District",RTI_Online_Delhi,,,231
Delhi,"Principal District &amp; Sessions Judge, Tis Hazari Court, West District",RTI_Online_Delhi,,,236
Delhi,Prohibition Department,RTI_Online_Delhi,NA,NA,154
Delhi,Pt. Madan Mohan Malaviya Hospital,RTI_Online_Delhi,NA,NA,44
Delhi,Public Grievances Commission,RTI_Online_Delhi,NA,NA,155
Delhi,Public Works Department,RTI_Online_Delhi,NA,NA,82
Delhi,Public Works Department (PWD) - Engineer in Chief,RTI_Online_Delhi,NA,NA,156
Delhi,Punjabi Academy,RTI_Online_Delhi,NA,NA,157
Delhi,Pusa Institute of Technology,RTI_Online_Delhi,NA,NA,158
Delhi,Rajiv Gandhi Super Speciality Hospital,RTI_Online_Delhi,NA,NA,159
Delhi,Rajya Sainik Board,RTI_Online_Delhi,NA,NA,160
Delhi,Rao Tula Ram Memorial Hospital,RTI_Online_Delhi,NA,NA,47
Delhi,Registrar Co-operative Societies,RTI_Online_Delhi,NA,NA,21
Delhi,Revenue Department,RTI_Online_Delhi,NA,NA,59
Delhi,Sahitya Kala Parishad,RTI_Online_Delhi,NA,NA,210
Delhi,Sanjay Gandhi Memorial Hospital,RTI_Online_Delhi,NA,NA,162
Delhi,Sanskrit Academy,RTI_Online_Delhi,NA,NA,163
Delhi,Sardar Vallabh Bhai Patel Hospital,RTI_Online_Delhi,NA,NA,46
Delhi,Satyawadi Raja Harish Chandra Hospital (SRHC),RTI_Online_Delhi,NA,NA,49
Delhi,Services Department,RTI_Online_Delhi,NA,NA,164
Delhi,Shaheed Rajguru College of Applied Sciences for Women,RTI_Online_Delhi,NA,NA,206
Delhi,Shaheed Sukhdev College of Business Studies,RTI_Online_Delhi,NA,NA,207
Delhi,Sharda Ukil School of Art,RTI_Online_Delhi,NA,NA,165
Delhi,Shri Dada Dev Matri Svum Shishu Chikitsalaya,RTI_Online_Delhi,NA,NA,218
Delhi,Sindhi Academy,RTI_Online_Delhi,NA,NA,166
Delhi,Social Welfare Department,RTI_Online_Delhi,NA,NA,167
Delhi,South Delhi Municipal Corporation,RTI_Online_Delhi,NA,NA,188
Delhi,State Council of Educational Research and Training (SCERT),RTI_Online_Delhi,NA,NA,168
Delhi,Tourism Department,RTI_Online_Delhi,NA,NA,170
Delhi,Trade &amp; Taxes (Sales Tax) Department,RTI_Online_Delhi,,,171
Delhi,Transport Department,RTI_Online_Delhi,NA,NA,172
Delhi,Urban Development,RTI_Online_Delhi,NA,NA,173
Delhi,Urdu Academy,RTI_Online_Delhi,NA,NA,174
Delhi,Vigilance and Anti Corruption,RTI_Online_Delhi,NA,NA,175
Delhi,Weight &amp; Measures Department,RTI_Online_Delhi,,,176
Delhi,Women &amp; Child Development Department,RTI_Online_Delhi,,,177
Maharashtra,"Additional Director Industrial Safety and Health, Nagpur",RTI_Online_Maharashtra,,,246
Maharashtra,"Additional Director, Industrial Safety and Health, Pune Region Three",RTI_Online_Maharashtra,,,240
Maharashtra,"Administrative General and Official Trustee, Maharashtra state, Mumbai",RTI_Online_Maharashtra,,,272
Maharashtra,"Agriculture, Dairy Development, Animal Husbandry and Fisheries Department",RTI_Online_Maharashtra,,,9
Maharashtra,Ahilyanagar Municipal Corporation,RTI_Online_Maharashtra,,,119
Maharashtra,Akola Municipal Corporation,RTI_Online_Maharashtra,Akola,NA,136
Maharashtra,Amravati Municipal Corporation,RTI_Online_Maharashtra,Amravati,NA,78
Maharashtra,"Annasaheb Patil Aarthik Magas Vikas Mahamandal Maryadit , Mumbai",RTI_Online_Maharashtra,,,234
Maharashtra,"Central Laboratory Mahape, Maharashtra Pollution Control Board",RTI_Online_Maharashtra,,,354
Maharashtra,Chandrapur Municipal Corporation,RTI_Online_Maharashtra,Chandrapur,NA,107
Maharashtra,"Charity Commissioner, Maharashtra state, Mumbai",RTI_Online_Maharashtra,,,274
Maharashtra,"Chatrapati Shahu Maharaj Research, Training and Human Development Institure(SARTHI), Pune",RTI_Online_Maharashtra,,,233
Maharashtra,"Chief Electrical Inspector Office , Mumbai",RTI_Online_Maharashtra,,,270
Maharashtra,"Chief Minister's Office, Government Of Maharashtra",RTI_Online_Maharashtra,,,88
Maharashtra,Chief Secretary Office,RTI_Online_Maharashtra,NA,NA,232
Maharashtra,"Co-operation, Textiles and Marketing Department",RTI_Online_Maharashtra,,,36
Maharashtra,"Collector Office , Jalgaon",RTI_Online_Maharashtra,,,111
Maharashtra,"Collector Office, Ahilyanagar",RTI_Online_Maharashtra,,,116
Maharashtra,"Collector Office, Akola",RTI_Online_Maharashtra,,,206
Maharashtra,"Collector Office, Beed",RTI_Online_Maharashtra,,,164
Maharashtra,"Collector Office, Bhandara",RTI_Online_Maharashtra,,,191
Maharashtra,"Collector Office, Buldhana",RTI_Online_Maharashtra,,,207
Maharashtra,"Collector Office, Chandrapur",RTI_Online_Maharashtra,,,108
Maharashtra,"Collector Office, Dharashiv",RTI_Online_Maharashtra,,,179
Maharashtra,"Collector Office, Dhule",RTI_Online_Maharashtra,,,152
Maharashtra,"Collector Office, Gadchiroli",RTI_Online_Maharashtra,,,125
Maharashtra,"Collector Office, Gondia",RTI_Online_Maharashtra,,,132
Maharashtra,"Collector Office, Hingoli",RTI_Online_Maharashtra,,,205
Maharashtra,"Collector Office, Jalna",RTI_Online_Maharashtra,,,167
Maharashtra,"Collector Office, Kolhapur",RTI_Online_Maharashtra,,,124
Maharashtra,"Collector Office, Latur",RTI_Online_Maharashtra,,,175
Maharashtra,"Collector Office, Mumbai City",RTI_Online_Maharashtra,,,182
Maharashtra,"Collector Office, Mumbai Suburban",RTI_Online_Maharashtra,,,166
Maharashtra,"Collector Office, Nagpur",RTI_Online_Maharashtra,,,57
Maharashtra,"Collector Office, Nanded",RTI_Online_Maharashtra,,,99
Maharashtra,"Collector Office, Nandurbar",RTI_Online_Maharashtra,,,145
Maharashtra,"Collector Office, Palghar",RTI_Online_Maharashtra,,,204
Maharashtra,"Collector Office, Parbhani",RTI_Online_Maharashtra,,,151
Maharashtra,"Collector Office, Pune",RTI_Online_Maharashtra,,,48
Maharashtra,"Collector Office, Raigad",RTI_Online_Maharashtra,,,121
Maharashtra,"Collector Office, Ratnagiri",RTI_Online_Maharashtra,,,183
Maharashtra,"Collector Office, Sangli",RTI_Online_Maharashtra,,,197
Maharashtra,"Collector Office, Satara",RTI_Online_Maharashtra,,,156
Maharashtra,"Collector Office, Solapur",RTI_Online_Maharashtra,,,139
Maharashtra,"Collector Office, Wardha",RTI_Online_Maharashtra,,,160
Maharashtra,"Collector Office, Washim",RTI_Online_Maharashtra,,,177
Maharashtra,"Collector Office, Yavatmal",RTI_Online_Maharashtra,,,102
Maharashtra,"Collector Office,Amravati",RTI_Online_Maharashtra,,,61
Maharashtra,"Collector Office,Nashik",RTI_Online_Maharashtra,,,60
Maharashtra,"Collector Office,Sambhajinagar",RTI_Online_Maharashtra,,,62
Maharashtra,"Collector Office,Thane",RTI_Online_Maharashtra,,,46
Maharashtra,"Collector office, Sindhudurgh",RTI_Online_Maharashtra,,,170
Maharashtra,"Commissioner of Police, Amravati",RTI_Online_Maharashtra,,,71
Maharashtra,"Commissioner of Police, Mira Bhayandar Vasai-Virar",RTI_Online_Maharashtra,,,219
Maharashtra,"Commissioner of Police, Mumbai",RTI_Online_Maharashtra,,,209
Maharashtra,"Commissioner of Police, Nagpur",RTI_Online_Maharashtra,,,70
Maharashtra,"Commissioner of Police, Nashik",RTI_Online_Maharashtra,,,69
Maharashtra,"Commissioner of Police, Navi Mumbai",RTI_Online_Maharashtra,,,51
Maharashtra,"Commissioner of Police, Pimpri Chinchwad",RTI_Online_Maharashtra,,,215
Maharashtra,"Commissioner of Police, Pune",RTI_Online_Maharashtra,,,86
Maharashtra,"Commissioner of Police, Solapur",RTI_Online_Maharashtra,,,141
Maharashtra,"Commissioner of Police, Thane",RTI_Online_Maharashtra,,,53
Maharashtra,"Commissioner of Police,Sambhajinagar",RTI_Online_Maharashtra,,,72
Maharashtra,"Cooperative Commissioner's Office, Pune",RTI_Online_Maharashtra,,,224
Maharashtra,"Departmental Co-ordinator, Co-operative Societies, Konkan Division",RTI_Online_Maharashtra,,,230
Maharashtra,"Departmental Co-ordinator, Co-operative Societies, Pune",RTI_Online_Maharashtra,,,225
Maharashtra,"Deputy Director Land Record , Konkan Pradesh, Mumbai",RTI_Online_Maharashtra,,,293
Maharashtra,Deputy Director Of Land Record Chhatrapati Sambhajinagar,RTI_Online_Maharashtra,,,307
Maharashtra,Deputy Director Of Land Record Nanded,RTI_Online_Maharashtra,,,333
Maharashtra,Deputy Director Of Land Record Nashik Region Nashik,RTI_Online_Maharashtra,,,301
Maharashtra,"Deputy Director Of Land Record, Amravati Region, Amravati",RTI_Online_Maharashtra,,,319
Maharashtra,Deputy Director of Land Record Nagpur,RTI_Online_Maharashtra,,,325
Maharashtra,"Deputy Director of Land Record, Pune Region Pune",RTI_Online_Maharashtra,,,287
Maharashtra,"Deputy Director of Town Planning, Greater Mumbai",RTI_Online_Maharashtra,,,281
Maharashtra,"Deputy Director of Town Planning, T&amp;T, Chhatrapati SambhajiNagar",RTI_Online_Maharashtra,,,284
Maharashtra,"Deputy Director of Town Planning, Traffic &amp; Transportation, Pune",RTI_Online_Maharashtra,,,278
Maharashtra,"Deputy Director, Industrial Safety and Health, Ahilyanagar",RTI_Online_Maharashtra,,,252
Maharashtra,"Deputy Director, Industrial Safety and Health, Akola",RTI_Online_Maharashtra,,,263
Maharashtra,"Deputy Director, Industrial Safety and Health, Amravati",RTI_Online_Maharashtra,,,247
Maharashtra,"Deputy Director, Industrial Safety and Health, Bhandara",RTI_Online_Maharashtra,,,261
Maharashtra,"Deputy Director, Industrial Safety and Health, Chandrapur",RTI_Online_Maharashtra,,,262
Maharashtra,"Deputy Director, Industrial Safety and Health, Dhule",RTI_Online_Maharashtra,,,251
Maharashtra,"Deputy Director, Industrial Safety and Health, Jalgaon",RTI_Online_Maharashtra,,,250
Maharashtra,"Deputy Director, Industrial Safety and Health, Nanded",RTI_Online_Maharashtra,,,245
Maharashtra,"Deputy Director, Industrial Safety and Health, Ratnagiri",RTI_Online_Maharashtra,,,255
Maharashtra,"Deputy Director, Industrial Safety and Health, Sangli",RTI_Online_Maharashtra,,,254
Maharashtra,"Deputy Director, Industrial Safety and Health, Solapur",RTI_Online_Maharashtra,,,259
Maharashtra,Dhule Municipal Corporation,RTI_Online_Maharashtra,Dhule,NA,153
Maharashtra,Directorate General of Information and Public Relations,RTI_Online_Maharashtra,,,223
Maharashtra,"Directorate of Industrial Safety and Health, Mumbai",RTI_Online_Maharashtra,,,239
Maharashtra,"Directorate of Town Planning, Head Office, Pune",RTI_Online_Maharashtra,,,275
Maharashtra,"District Deputy Registrar, Co Institute 2, Mumbai",RTI_Online_Maharashtra,,,227
Maharashtra,"District Deputy Registrar, Co Institute 3, Mumbai",RTI_Online_Maharashtra,,,228
Maharashtra,"District Deputy Registrar, Co Institute 4, Mumbai",RTI_Online_Maharashtra,,,229
Maharashtra,"District Deputy Registrar, Co-operative Societies, Thane Division",RTI_Online_Maharashtra,,,231
Maharashtra,District Superintendent Of Land Record Ahilyanagar No -1 Ahilyanagar,RTI_Online_Maharashtra,,,306
Maharashtra,District Superintendent Of Land Record Ahilyanagar No -2 Shirdi,RTI_Online_Maharashtra,,,335
Maharashtra,District Superintendent Of Land Record Akola,RTI_Online_Maharashtra,,,321
Maharashtra,District Superintendent Of Land Record Amravati,RTI_Online_Maharashtra,,,320
Maharashtra,District Superintendent Of Land Record Beed,RTI_Online_Maharashtra,,,313
Maharashtra,District Superintendent Of Land Record Buldana,RTI_Online_Maharashtra,,,322
Maharashtra,District Superintendent Of Land Record Dharashiv,RTI_Online_Maharashtra,,,318
Maharashtra,District Superintendent Of Land Record Dhule,RTI_Online_Maharashtra,,,303
Maharashtra,District Superintendent Of Land Record Hingoli,RTI_Online_Maharashtra,,,317
Maharashtra,District Superintendent Of Land Record Jalgaon,RTI_Online_Maharashtra,,,305
Maharashtra,District Superintendent Of Land Record Latur,RTI_Online_Maharashtra,,,316
Maharashtra,District Superintendent Of Land Record Nandurbar,RTI_Online_Maharashtra,,,304
Maharashtra,District Superintendent Of Land Record Nashik No -1,RTI_Online_Maharashtra,,,302
Maharashtra,District Superintendent Of Land Record Nashik No -2 Malegaon,RTI_Online_Maharashtra,,,334
Maharashtra,District Superintendent Of Land Record Parbhani,RTI_Online_Maharashtra,,,312
Maharashtra,District Superintendent Of Land Record Washim,RTI_Online_Maharashtra,,,324
Maharashtra,District Superintendent Of Land Record Yavatmal,RTI_Online_Maharashtra,,,323
Maharashtra,District Superintendent Of Land Record no.1 Chhatrapati Sambhajinagar,RTI_Online_Maharashtra,,,309
Maharashtra,District Superintendent Of Land Record no.1 Nanded,RTI_Online_Maharashtra,,,314
Maharashtra,District Superintendent Of Land Record no.2 Bhokar,RTI_Online_Maharashtra,,,315
Maharashtra,District Superintendent Of Land Record no.2 Chhatrapati Sambhajinagar Head Quarter Kannad,RTI_Online_Maharashtra,,,310
Maharashtra,"District Superintendent Of Land Record,Jalna",RTI_Online_Maharashtra,,,311
Maharashtra,District Superintendent of Land Record Raigad,RTI_Online_Maharashtra,,,299
Maharashtra,District Superintendent of Land Record Raigad kr.2 Mangaav,RTI_Online_Maharashtra,,,300
Maharashtra,"District Superintendent of Land Record, Sindhudurg",RTI_Online_Maharashtra,,,298
Maharashtra,"District Superintendent of Land Records, Mumbai Suburban District",RTI_Online_Maharashtra,,,294
Maharashtra,District Superintentend Of Land Records Satara,RTI_Online_Maharashtra,,,289
Maharashtra,District Superintentend Of Land Records pune,RTI_Online_Maharashtra,,,288
Maharashtra,"District Superintentend Of Land Records, Sangli",RTI_Online_Maharashtra,,,290
Maharashtra,"District Superitendent Of Land Record, Palghar",RTI_Online_Maharashtra,,,296
Maharashtra,"District Supritendent of Land Record, Bhandara",RTI_Online_Maharashtra,,,329
Maharashtra,"District Supritendent of Land Record, Chandrapur",RTI_Online_Maharashtra,,,331
Maharashtra,"District Supritendent of Land Record, Gadchiroli",RTI_Online_Maharashtra,,,332
Maharashtra,"District Supritendent of Land Record, Gondia",RTI_Online_Maharashtra,,,330
Maharashtra,"District Supritendent of Land Record, Nagpur",RTI_Online_Maharashtra,,,326
Maharashtra,"District Supritendent of Land Record, Nagpur Gramin",RTI_Online_Maharashtra,,,327
Maharashtra,"District Supritendent of Land Record, Wardha",RTI_Online_Maharashtra,,,328
Maharashtra,District superintendent of land record Ratnagiri,RTI_Online_Maharashtra,,,297
Maharashtra,"District superintendent of land record, thane",RTI_Online_Maharashtra,,,295
Maharashtra,District supertendet Land Record Kolhapur,RTI_Online_Maharashtra,,,291
Maharashtra,District supertendet Land Record solapur,RTI_Online_Maharashtra,,,292
Maharashtra,"Divisional Commissioner Office, Amravati",RTI_Online_Maharashtra,,,49
Maharashtra,"Divisional Commissioner Office, Nagpur",RTI_Online_Maharashtra,Nagpur,NA,58
Maharashtra,"Divisional Commissioner Office, Nashik",RTI_Online_Maharashtra,Nashik,NA,67
Maharashtra,"Divisional Commissioner Office, Pune",RTI_Online_Maharashtra,Pune,NA,68
Maharashtra,"Divisional Commissioner Office, Sambhajinagar",RTI_Online_Maharashtra,,,83
Maharashtra,"Divisional Joint Registrar, Co-operative Societies, Mumbai",RTI_Online_Maharashtra,,,226
Maharashtra,"Electronics, Information Technology and Artficial Intelligence Department",RTI_Online_Maharashtra,,,40
Maharashtra,Employment Guarantee Scheme Department,RTI_Online_Maharashtra,NA,NA,220
Maharashtra,Environment Department,RTI_Online_Maharashtra,NA,NA,16
Maharashtra,Finance Department,RTI_Online_Maharashtra,NA,NA,21
Maharashtra,"Food, Civil Supplies and Consumer Protection Department",RTI_Online_Maharashtra,,,26
Maharashtra,General Administration Department,RTI_Online_Maharashtra,,,2
Maharashtra,Higher and Technical Education Department,RTI_Online_Maharashtra,,,37
Maharashtra,Home Department,RTI_Online_Maharashtra,NA,NA,3
Maharashtra,Housing Department,RTI_Online_Maharashtra,,,30
Maharashtra,"Industrial Safety and Health, Marathwada region , chhatrpati sambhajinagar",RTI_Online_Maharashtra,,,244
Maharashtra,"Industries, Energy and Labour Department",RTI_Online_Maharashtra,,,24
Maharashtra,Jalgaon Municipal Corporation,RTI_Online_Maharashtra,Jalgaon,NA,114
Maharashtra,"Joint Director Indudtrial Safety and Health, Thane",RTI_Online_Maharashtra,,,260
Maharashtra,"Joint Director of Industrial Safety and Health, Kalyan",RTI_Online_Maharashtra,,,257
Maharashtra,"Joint Director of Town Planning, Amravati Division, Amravati",RTI_Online_Maharashtra,,,285
Maharashtra,"Joint Director of Town Planning, Chhatrapati SambhajiNagar",RTI_Online_Maharashtra,,,283
Maharashtra,"Joint Director of Town Planning, Digital Planning Cell, Pune",RTI_Online_Maharashtra,,,276
Maharashtra,"Joint Director of Town Planning, Konkan Division, Navi Mumbai",RTI_Online_Maharashtra,,,280
Maharashtra,"Joint Director of Town Planning, Nagpur Division, Nagpur",RTI_Online_Maharashtra,,,279
Maharashtra,"Joint Director of Town Planning, Nashik Division, Nashik",RTI_Online_Maharashtra,,,282
Maharashtra,"Joint Director of Town Planning, Pune Division Pune",RTI_Online_Maharashtra,,,277
Maharashtra,"Joint Director, Industrial Safety and Health, Kolhapur",RTI_Online_Maharashtra,,,253
Maharashtra,"Joint Director, Industrial Safety and Health, Nashik",RTI_Online_Maharashtra,,,249
Maharashtra,"Joint Director, Industrial Safety and Health, Palghar",RTI_Online_Maharashtra,,,248
Maharashtra,"Joint Director, Industrial Safety and Health, Pune Region Two",RTI_Online_Maharashtra,,,242
Maharashtra,"Joint Director, Industrial Safety and Health, Pune Region one",RTI_Online_Maharashtra,,,241
Maharashtra,"Joint Director, Industrial Safety and Health, Satara",RTI_Online_Maharashtra,,,258
Maharashtra,"Joint Director, Industrial Safety and Health, Vasai",RTI_Online_Maharashtra,,,243
Maharashtra,"Joint Director, Industrial Safety and health Raigad",RTI_Online_Maharashtra,,,256
Maharashtra,Kalyan Dombivali Municipal Corporation,RTI_Online_Maharashtra,,,211
Maharashtra,Kolhapur Municipal Corporation,RTI_Online_Maharashtra,Kolhapur,NA,188
Maharashtra,Konkan Commissioner Office,RTI_Online_Maharashtra,,,56
Maharashtra,"Land Record Training Academy, Chhatrapati Sambhajinagar",RTI_Online_Maharashtra,,,308
Maharashtra,Latur Municipal Corporation,RTI_Online_Maharashtra,,,173
Maharashtra,Law and Judiciary Department,RTI_Online_Maharashtra,NA,NA,23
Maharashtra,"Maharashtra Electricity Regulatory Commission , Mumbai",RTI_Online_Maharashtra,,,265
Maharashtra,"Maharashtra Energy Development Agency , Pune",RTI_Online_Maharashtra,,,269
Maharashtra,Maharashtra Information Technology Corporation,RTI_Online_Maharashtra,,,213
Maharashtra,"Maharashtra Institution for Transformation -MITRA , Mumbai",RTI_Online_Maharashtra,,,235
Maharashtra,"Maharashtra Pollution Control Board, Head Quarter",RTI_Online_Maharashtra,,,341
Maharashtra,Maharashtra Public Service Commission,RTI_Online_Maharashtra,,,214
Maharashtra,"Maharashtra State Board for Literature and Culture, Mumbai",RTI_Online_Maharashtra,,,338
Maharashtra,Medical Education and Drugs Department,RTI_Online_Maharashtra,,,34
Maharashtra,Minorities Development Department,RTI_Online_Maharashtra,,,18
Maharashtra,Mira Bhaindar Municipal Corporation,RTI_Online_Maharashtra,,,217
Maharashtra,"Municipal Council, Buldhana",RTI_Online_Maharashtra,Buldhana,NA,201
Maharashtra,"Municipal Council, Desaiganj (Wadsa), Gadchiroli",RTI_Online_Maharashtra,Gadchiroli,NA,129
Maharashtra,"Municipal Council, Gadchiroli",RTI_Online_Maharashtra,Gadchiroli,NA,128
Maharashtra,"Municipal Council, Satara",RTI_Online_Maharashtra,Satara,NA,159
Maharashtra,Nagpur Improvement Trust,RTI_Online_Maharashtra,,,80
Maharashtra,Nagpur Municipal Corporation,RTI_Online_Maharashtra,Nagpur,NA,47
Maharashtra,Nanded Municipal Corporation,RTI_Online_Maharashtra,Nanded,NA,98
Maharashtra,Nashik Municipal Corporation,RTI_Online_Maharashtra,Nashik,NA,76
Maharashtra,Navi Mumbai Municipal Corporation,RTI_Online_Maharashtra,Navi Mumbai,NA,54
Maharashtra,Other Backward Bahujan Welfare Department,RTI_Online_Maharashtra,,,218
Maharashtra,Panvel Municipal Corporation,RTI_Online_Maharashtra,Panvel,NA,216
Maharashtra,Parbhani Municipal Corporation,RTI_Online_Maharashtra,Parbhani,NA,150
Maharashtra,Parliamentary Affairs Department,RTI_Online_Maharashtra,NA,NA,29
Maharashtra,"Parshuram Aarthik Vikas Mahamandal, Pune",RTI_Online_Maharashtra,,,236
Maharashtra,Persons with Disabilities Welfare Department,RTI_Online_Maharashtra,,,222
Maharashtra,Pimpri Chinchwad Municipal Corporation,RTI_Online_Maharashtra,Pimpri Chinchwad,NA,87
Maharashtra,Planning Department,RTI_Online_Maharashtra,,,27
Maharashtra,Public Health Department,RTI_Online_Maharashtra,NA,NA,33
Maharashtra,Public Works Department,RTI_Online_Maharashtra,NA,NA,11
Maharashtra,Pune Municipal Corporation,RTI_Online_Maharashtra,Pune,NA,77
Maharashtra,"Regional Office, Amravati, Maharashtra Pollution Control Board",RTI_Online_Maharashtra,,,351
Maharashtra,"Regional Office, Chandrapur, Maharashtra Pollution Control Board",RTI_Online_Maharashtra,,,353
Maharashtra,"Regional Office, Chhatrapati Sambhajinagar, Maharashtra Pollution Control Board",RTI_Online_Maharashtra,,,349
Maharashtra,"Regional Office, Kalyan, Maharashtra Pollution Control Board",RTI_Online_Maharashtra,,,346
Maharashtra,"Regional Office, Kolhapur, Maharashtra Pollution Control Board",RTI_Online_Maharashtra,,,350
Maharashtra,"Regional Office, Mumbai, Maharashtra Pollution Control Board",RTI_Online_Maharashtra,,,342
Maharashtra,"Regional Office, Nagpur, Maharashtra Pollution Control Board",RTI_Online_Maharashtra,,,352
Maharashtra,"Regional Office, Nashik, Maharashtra Pollution Control Board",RTI_Online_Maharashtra,,,348
Maharashtra,"Regional Office, Navi Mumbai, Maharashtra Pollution Control Board",RTI_Online_Maharashtra,,,343
Maharashtra,"Regional Office, Pune, Maharashtra Pollution Control Board",RTI_Online_Maharashtra,,,347
Maharashtra,"Regional Office, Raigad, Maharashtra Pollution Control Board",RTI_Online_Maharashtra,,,344
Maharashtra,"Regional Office, Thane, Maharashtra Pollution Control Board",RTI_Online_Maharashtra,,,345
Maharashtra,"Registrar of Firms, Maharashtra state, Mumbai",RTI_Online_Maharashtra,,,273
Maharashtra,Revenue and Forest Department,RTI_Online_Maharashtra,NA,NA,12
Maharashtra,Rural Development Department,RTI_Online_Maharashtra,NA,NA,41
Maharashtra,Sambhajinagar Municipal Corporation,RTI_Online_Maharashtra,,,79
Maharashtra,"Sangli, Miraj and Kupwad city Municipal Corporation",RTI_Online_Maharashtra,,,165
Maharashtra,School Education and Sports Department,RTI_Online_Maharashtra,,,19
Maharashtra,"Settlement Commissioner and Director Of Land Record (M.S.), Pune",RTI_Online_Maharashtra,,,286
Maharashtra,"Shree Vasavi Kanyaka Aarthik Vikas Mahamandal ,Nagpur",RTI_Online_Maharashtra,,,238
Maharashtra,"Shri Saibaba sansthan trust, shirdi",RTI_Online_Maharashtra,,,340
Maharashtra,Skill Development and Entrepreneurship Department,RTI_Online_Maharashtra,NA,NA,39
Maharashtra,Social Justice and Special Assistance Department,RTI_Online_Maharashtra,NA,NA,28
Maharashtra,Soil and Water Conservation Department,RTI_Online_Maharashtra,NA,NA,212
Maharashtra,Solapur Municipal Corporation,RTI_Online_Maharashtra,Solapur,NA,143
Maharashtra,"State Information Commission, Amaravti",RTI_Online_Maharashtra,,,90
Maharashtra,"State Information Commission, Greater Mumbai",RTI_Online_Maharashtra,Greater Mumbai,NA,93
Maharashtra,"State Information Commission, Konkan",RTI_Online_Maharashtra,NA,NA,96
Maharashtra,"State Information Commission, Maharashtra",RTI_Online_Maharashtra,Mumbai,NA,89
Maharashtra,"State Information Commission, Nagpur",RTI_Online_Maharashtra,Nagpur,NA,94
Maharashtra,"State Information Commission, Nashik",RTI_Online_Maharashtra,Nashik,NA,95
Maharashtra,"State Information Commission, Pune",RTI_Online_Maharashtra,Pune,NA,91
Maharashtra,"State Information Commission,Sambhajinagar",RTI_Online_Maharashtra,,,92
Maharashtra,"Superintendent of Police , Satara",RTI_Online_Maharashtra,Satara,NA,157
Maharashtra,"Superintendent of Police, Ahilyanagar",RTI_Online_Maharashtra,,,117
Maharashtra,"Superintendent of Police, Akola",RTI_Online_Maharashtra,Akola,NA,138
Maharashtra,"Superintendent of Police, Amravati",RTI_Online_Maharashtra,Amravati,NA,74
Maharashtra,"Superintendent of Police, Beed",RTI_Online_Maharashtra,Beed,NA,187
Maharashtra,"Superintendent of Police, Bhandara",RTI_Online_Maharashtra,Bhandara,NA,144
Maharashtra,"Superintendent of Police, Buldhana",RTI_Online_Maharashtra,Buldhana,NA,200
Maharashtra,"Superintendent of Police, Chandrapur",RTI_Online_Maharashtra,Chandrapur,NA,109
Maharashtra,"Superintendent of Police, Dhule",RTI_Online_Maharashtra,Dhule,NA,154
Maharashtra,"Superintendent of Police, Gadchiroli",RTI_Online_Maharashtra,Gadchiroli,NA,126
Maharashtra,"Superintendent of Police, Gondia",RTI_Online_Maharashtra,Gondia,NA,133
Maharashtra,"Superintendent of Police, Hingoli",RTI_Online_Maharashtra,Hingoli,NA,130
Maharashtra,"Superintendent of Police, Jalgaon",RTI_Online_Maharashtra,Jalgaon,NA,115
Maharashtra,"Superintendent of Police, Jalna",RTI_Online_Maharashtra,Jalna,NA,168
Maharashtra,"Superintendent of Police, Kolhapur",RTI_Online_Maharashtra,Kolhapur,NA,123
Maharashtra,"Superintendent of Police, Latur Rural",RTI_Online_Maharashtra,Latur,NA,176
Maharashtra,"Superintendent of Police, Nagpur Rural",RTI_Online_Maharashtra,Nagpur,NA,59
Maharashtra,"Superintendent of Police, Nanded",RTI_Online_Maharashtra,Nanded,NA,100
Maharashtra,"Superintendent of Police, Nandurbar",RTI_Online_Maharashtra,Nandurbar,NA,146
Maharashtra,"Superintendent of Police, Nashik Rural",RTI_Online_Maharashtra,Nashik,NA,73
Maharashtra,"Superintendent of Police, Palghar",RTI_Online_Maharashtra,Palghar,NA,202
Maharashtra,"Superintendent of Police, Parbhani",RTI_Online_Maharashtra,Parbhani,NA,148
Maharashtra,"Superintendent of Police, Pune",RTI_Online_Maharashtra,Pune,NA,85
Maharashtra,"Superintendent of Police, Raigad",RTI_Online_Maharashtra,Raigad,NA,122
Maharashtra,"Superintendent of Police, Ratnagiri",RTI_Online_Maharashtra,Ratnagiri,NA,185
Maharashtra,"Superintendent of Police, Sambhajinagar Rural",RTI_Online_Maharashtra,,,75
Maharashtra,"Superintendent of Police, Sangli",RTI_Online_Maharashtra,Sangli,NA,199
Maharashtra,"Superintendent of Police, Sindhudurgh",RTI_Online_Maharashtra,,,172
Maharashtra,"Superintendent of Police, Solapur Rural",RTI_Online_Maharashtra,Solapur,NA,140
Maharashtra,"Superintendent of Police, Thane Rural",RTI_Online_Maharashtra,Thane,NA,52
Maharashtra,"Superintendent of Police, Wardha",RTI_Online_Maharashtra,Wardha,NA,161
Maharashtra,"Superintendent of Police, Washim Rural",RTI_Online_Maharashtra,Washim,NA,196
Maharashtra,"Superintendent of Police, Yavatmal",RTI_Online_Maharashtra,Yavatmal,NA,104
Maharashtra,"Superintendent of Police,Dharashiv",RTI_Online_Maharashtra,,,180
Maharashtra,"Tehsil Office, Akola",RTI_Online_Maharashtra,Akola,Akola,137
Maharashtra,"Tehsil Office, Gondia",RTI_Online_Maharashtra,Gondia,Gondia,135
Maharashtra,"Tehsil Office, Jalgaon",RTI_Online_Maharashtra,Jalgaon,Jalgaon,112
Maharashtra,"Tehsil Office, Satara",RTI_Online_Maharashtra,Satara,Satara,158
Maharashtra,"Tehsil Office, Washim",RTI_Online_Maharashtra,Washim,Washim,178
Maharashtra,"Tehsil Office, Yavatmal",RTI_Online_Maharashtra,Yavatmal,Yavatmal,103
Maharashtra,"Tehsil office, Nagpur",RTI_Online_Maharashtra,Nagpur,Nagpur,81
Maharashtra,"Tehsil office, Pune",RTI_Online_Maharashtra,Pune,Pune,82
Maharashtra,Textile Department,RTI_Online_Maharashtra,NA,NA,221
Maharashtra,Thane Municipal Corporation,RTI_Online_Maharashtra,Thane,NA,55
Maharashtra,Tourism &amp; Cultural Affairs Department,RTI_Online_Maharashtra,,,17
Maharashtra,Tribal Development Department,RTI_Online_Maharashtra,,,35
Maharashtra,Urban Development Department,RTI_Online_Maharashtra,,,20
Maharashtra,Vasai Virar City Municipal Corporation,RTI_Online_Maharashtra,Vasai Virar,NA,193
Maharashtra,"Veer Shiromani Maharana Pratap Aarthik Vikas Mahamandal ,Chhatrapati Sambhajinagar",RTI_Online_Maharashtra,,,237
Maharashtra,Wardha Municipal Council,RTI_Online_Maharashtra,Wardha,NA,163
Maharashtra,Water Resources Department,RTI_Online_Maharashtra,,,22
Maharashtra,Water Supply and Sanitation Department,RTI_Online_Maharashtra,NA,NA,31
Maharashtra,Women and Child Development Department,RTI_Online_Maharashtra,,,38
Maharashtra,Yavatmal Municipal Council,RTI_Online_Maharashtra,Yavatmal,NA,105
Maharashtra,"Zilla Parishad , Dharashiv",RTI_Online_Maharashtra,,,181
Maharashtra,"Zilla Parishad , Sindhudurgh",RTI_Online_Maharashtra,,,171
Maharashtra,"Zilla Parishad, Ahilyanagar",RTI_Online_Maharashtra,,,118
Maharashtra,"Zilla Parishad, Akola",RTI_Online_Maharashtra,Akola,NA,210
Maharashtra,"Zilla Parishad, Amravati",RTI_Online_Maharashtra,Amravati,NA,66
Maharashtra,"Zilla Parishad, Beed",RTI_Online_Maharashtra,Beed,NA,186
Maharashtra,"Zilla Parishad, Bhandara",RTI_Online_Maharashtra,Bhandara,NA,190
Maharashtra,"Zilla Parishad, Buldhana",RTI_Online_Maharashtra,Buldhana,NA,208
Maharashtra,"Zilla Parishad, Chandrapur",RTI_Online_Maharashtra,Chandrapur,NA,110
Maharashtra,"Zilla Parishad, Dhule",RTI_Online_Maharashtra,Dhule,NA,192
Maharashtra,"Zilla Parishad, Gadchiroli",RTI_Online_Maharashtra,Gadchiroli,NA,127
Maharashtra,"Zilla Parishad, Gondia",RTI_Online_Maharashtra,Gondia,NA,134
Maharashtra,"Zilla Parishad, Hingoli",RTI_Online_Maharashtra,Hingoli,NA,131
Maharashtra,"Zilla Parishad, Jalgaon",RTI_Online_Maharashtra,Jalgaon,NA,113
Maharashtra,"Zilla Parishad, Jalna",RTI_Online_Maharashtra,Jalna,NA,169
Maharashtra,"Zilla Parishad, Kolhapur",RTI_Online_Maharashtra,Kolhapur,NA,189
Maharashtra,"Zilla Parishad, Latur",RTI_Online_Maharashtra,Latur,NA,174
Maharashtra,"Zilla Parishad, Nagpur",RTI_Online_Maharashtra,Nagpur,NA,64
Maharashtra,"Zilla Parishad, Nanded",RTI_Online_Maharashtra,Nanded,NA,101
Maharashtra,"Zilla Parishad, Nandurbar",RTI_Online_Maharashtra,Nandurbar,NA,147
Maharashtra,"Zilla Parishad, Nashik",RTI_Online_Maharashtra,Nashik,NA,63
Maharashtra,"Zilla Parishad, Palghar",RTI_Online_Maharashtra,Palghar,NA,203
Maharashtra,"Zilla Parishad, Parbhani",RTI_Online_Maharashtra,Parbhani,NA,149
Maharashtra,"Zilla Parishad, Pune",RTI_Online_Maharashtra,Pune,NA,65
Maharashtra,"Zilla Parishad, Raigad",RTI_Online_Maharashtra,Raigad,NA,120
Maharashtra,"Zilla Parishad, Ratnagiri",RTI_Online_Maharashtra,Ratnagiri,NA,184
Maharashtra,"Zilla Parishad, Sambhajinagar",RTI_Online_Maharashtra,,,50
Maharashtra,"Zilla Parishad, Sangli",RTI_Online_Maharashtra,Sangli,NA,198
Maharashtra,"Zilla Parishad, Satara",RTI_Online_Maharashtra,Satara,NA,155
Maharashtra,"Zilla Parishad, Solapur",RTI_Online_Maharashtra,Solapur,NA,142
Maharashtra,"Zilla Parishad, Thane",RTI_Online_Maharashtra,Thane,NA,84
Maharashtra,"Zilla Parishad, Wardha",RTI_Online_Maharashtra,Wardha,NA,162
Maharashtra,"Zilla Parishad, Washim",RTI_Online_Maharashtra,Washim,NA,195
Maharashtra,"Zilla Parishad, Yavatmal",RTI_Online_Maharashtra,Yavatmal,NA,106
